Year,Month,Day,High,Low,Precip,SnowFall,Snowdepth
2010,1,1,6,-9,T,T,9
2010,1,2,1,-15,0,0,9
2010,1,3,7,-14,0,0,9
2010,1,4,7,-10,0,0,9
2010,1,5,10,-9,0,0,9
2010,1,6,16,-4,0,0,9
2010,1,7,16,4,0.06,2.2,11
2010,1,8,8,-6,0,0,11
2010,1,9,6,-14,0,0,11
2010,1,10,15,-6,0,0,11
2010,1,11,22,8,T,T,10
2010,1,12,22,2,T,T,10
2010,1,13,28,19,T,T,10
2010,1,14,31,15,0,0,10
2010,1,15,28,12,0,0,10
2010,1,16,35,15,0,0,10
2010,1,17,34,20,0,0,10
2010,1,18,34,13,0,0,9
2010,1,19,23,13,T,T,9
2010,1,20,28,19,T,T,9
2010,1,21,30,25,0.05,T,9
2010,1,22,33,28,0.02,0,9
2010,1,23,36,32,0.23,T,9
2010,1,24,35,32,0.04,T,7
2010,1,25,34,16,0.05,0.9,6
2010,1,26,16,3,T,T,7
2010,1,27,11,2,T,T,7
2010,1,28,7,-2,T,T,7
2010,1,29,9,-5,0,0,7
2010,1,30,17,1,0,0,7
2010,1,31,16,3,0,0,7
2010,2,1,16,8,0.11,2.6,7
2010,2,2,21,8,0.02,0.5,10
2010,2,3,21,1,0,0,10
2010,2,4,29,19,0.07,1,10
2010,2,5,33,28,0.12,1.3,12
2010,2,6,28,19,0,0,11
2010,2,7,24,15,0.05,0.8,11
2010,2,8,25,22,0.23,4.7,12
2010,2,9,26,15,0.03,0.4,15
2010,2,10,24,3,0,0,16
2010,2,11,25,0,0,0,15
2010,2,12,25,3,T,T,15
2010,2,13,23,10,T,0.2,15
2010,2,14,24,5,0.09,1.6,15
2010,2,15,30,22,0.03,0.7,17
2010,2,16,34,17,0,0,17
2010,2,17,35,16,0,0,16
2010,2,18,37,10,0,0,15
2010,2,19,31,7,0,0,14
2010,2,20,35,18,T,T,13
2010,2,21,31,13,0,0,13
2010,2,22,32,14,0,0,13
2010,2,23,23,9,T,0.1,13
2010,2,24,20,1,0,0,13
2010,2,25,26,3,0,0,12
2010,2,26,32,5,0,0,12
2010,2,27,38,9,0,0,12
2010,2,28,38,16,0,0,12
2010,3,1,38,19,0,0,12
2010,3,2,42,19,0,0,11
2010,3,3,41,20,0,0,10
2010,3,4,39,20,0,0,10
2010,3,5,42,23,0,0,9
2010,3,6,41,24,T,0,8
2010,3,7,47,35,0.02,0,6
2010,3,8,37,34,T,0,4
2010,3,9,39,33,0.04,0,4
2010,3,10,42,35,0.27,0,2
2010,3,11,47,35,0.25,0,T
2010,3,12,43,38,0.03,0,T
2010,3,13,45,38,0,0,T
2010,3,14,64,40,0,0,0
2010,3,15,60,41,0,0,0
2010,3,16,50,40,0.08,0,0
2010,3,17,58,34,0,0,0
2010,3,18,64,39,0,0,0
2010,3,19,45,29,0,0,0
2010,3,20,39,23,0,0,0
2010,3,21,50,24,0,0,0
2010,3,22,55,30,0,0,0
2010,3,23,61,37,0,0,0
2010,3,24,55,31,0,0,0
2010,3,25,42,24,0,0,0
2010,3,26,51,25,0,0,0
2010,3,27,52,40,0,0,0
2010,3,28,52,33,0,0,0
2010,3,29,59,32,0,0,0
2010,3,30,75,46,0,0,0
2010,3,31,76,50,0,0,0
2010,4,1,81,50,0,0,0
2010,4,2,72,44,0.06,0,0
2010,4,3,61,39,0,0,0
2010,4,4,67,50,T,0,0
2010,4,5,60,43,0.01,0,0
2010,4,6,52,44,0.28,0,0
2010,4,7,56,39,0,0,0
2010,4,8,52,33,0,0,0
2010,4,9,67,32,0,0,0
2010,4,10,63,44,0,0,0
2010,4,11,69,38,0,0,0
2010,4,12,68,47,0,0,0
2010,4,13,69,46,0.73,0,0
2010,4,14,74,53,0.07,0,0
2010,4,15,71,54,0.56,0,0
2010,4,16,61,46,0,0,0
2010,4,17,65,40,0,0,0
2010,4,18,67,38,0,0,0
2010,4,19,69,45,0,0,0
2010,4,20,71,50,0,0,0
2010,4,21,61,42,0,0,0
2010,4,22,66,34,0,0,0
2010,4,23,69,48,T,0,0
2010,4,24,60,50,0.5,0,0
2010,4,25,61,47,0.04,0,0
2010,4,26,63,44,0,0,0
2010,4,27,60,39,0,0,0
2010,4,28,69,40,0,0,0
2010,4,29,73,56,T,0,0
2010,4,30,69,55,0.07,0,0
2010,5,1,64,49,0,0,0
2010,5,2,64,48,0,0,0
2010,5,3,57,46,0.05,0,0
2010,5,4,79,41,T,0,0
2010,5,5,55,47,T,0,0
2010,5,6,54,41,0.04,0,0
2010,5,7,48,34,0.55,T,0
2010,5,8,52,34,T,T,0
2010,5,9,58,32,0,0,0
2010,5,10,58,44,0.19,0,0
2010,5,11,46,41,0.47,0,0
2010,5,12,51,42,0.04,0,0
2010,5,13,53,46,0.61,0,0
2010,5,14,71,46,0,0,0
2010,5,15,74,45,0,0,0
2010,5,16,74,54,0,0,0
2010,5,17,76,53,0,0,0
2010,5,18,75,54,0,0,0
2010,5,19,79,50,0,0,0
2010,5,20,82,53,0,0,0
2010,5,21,65,59,0.02,0,0
2010,5,22,82,57,0.12,0,0
2010,5,23,88,73,0,0,0
2010,5,24,95,72,0,0,0
2010,5,25,89,66,0.38,0,0
2010,5,26,80,60,0,0,0
2010,5,27,81,56,0,0,0
2010,5,28,85,61,0,0,0
2010,5,29,91,64,0,0,0
2010,5,30,81,59,0.03,0,0
2010,5,31,78,51,0,0,0
2010,6,1,82,62,0.18,0,0
2010,6,2,73,58,0.01,0,0
2010,6,3,78,52,0.01,0,0
2010,6,4,83,63,0.44,0,0
2010,6,5,70,59,0.27,0,0
2010,6,6,78,57,T,0,0
2010,6,7,75,56,0.01,0,0
2010,6,8,70,60,0.84,0,0
2010,6,9,73,59,0,0,0
2010,6,10,66,57,T,0,0
2010,6,11,76,60,0.79,0,0
2010,6,12,62,54,0.15,0,0
2010,6,13,67,59,0,0,0
2010,6,14,69,61,0.26,0,0
2010,6,15,76,61,0.01,0,0
2010,6,16,80,60,0,0,0
2010,6,17,89,66,0.01,0,0
2010,6,18,86,64,0,0,0
2010,6,19,76,64,0,0,0
2010,6,20,82,61,0,0,0
2010,6,21,79,69,0.07,0,0
2010,6,22,91,67,0,0,0
2010,6,23,80,64,0.32,0,0
2010,6,24,82,60,0,0,0
2010,6,25,86,65,0.73,T,0
2010,6,26,84,66,2.15,0,0
2010,6,27,84,68,0,0,0
2010,6,28,75,63,0,0,0
2010,6,29,74,58,0,0,0
2010,6,30,79,57,0,0,0
2010,7,1,86,63,0,0,0
2010,7,2,88,68,0,0,0
2010,7,3,92,74,0,0,0
2010,7,4,85,73,0.1,0,0
2010,7,5,85,70,0.8,0,0
2010,7,6,88,70,0,0,0
2010,7,7,87,68,0.22,0,0
2010,7,8,85,63,0,0,0
2010,7,9,87,67,0,0,0
2010,7,10,86,69,0.08,0,0
2010,7,11,83,66,0.17,0,0
2010,7,12,79,61,0,0,0
2010,7,13,85,63,0,0,0
2010,7,14,93,71,0.27,0,0
2010,7,15,85,65,0,0,0
2010,7,16,90,70,0,0,0
2010,7,17,92,67,0.28,0,0
2010,7,18,84,68,0,0,0
2010,7,19,80,64,0,0,0
2010,7,20,86,65,0,0,0
2010,7,21,88,66,0,0,0
2010,7,22,77,68,0.28,0,0
2010,7,23,86,68,T,0,0
2010,7,24,83,64,0.51,0,0
2010,7,25,83,64,0,0,0
2010,7,26,86,67,0,0,0
2010,7,27,94,72,0.2,0,0
2010,7,28,83,67,0,0,0
2010,7,29,82,65,0,0,0
2010,7,30,74,67,0.12,0,0
2010,7,31,86,68,0,0,0
2010,8,1,87,70,T,0,0
2010,8,2,86,76,T,0,0
2010,8,3,95,74,0,0,0
2010,8,4,90,71,0,0,0
2010,8,5,82,66,0,0,0
2010,8,6,85,63,0,0,0
2010,8,7,89,68,0.07,0,0
2010,8,8,96,75,0.32,0,0
2010,8,9,95,76,0,0,0
2010,8,10,90,71,2.47,0,0
2010,8,11,93,72,0,0,0
2010,8,12,92,72,T,0,0
2010,8,13,88,68,1.47,0,0
2010,8,14,86,65,T,0,0
2010,8,15,77,63,0,0,0
2010,8,16,79,58,0,0,0
2010,8,17,78,58,0,0,0
2010,8,18,78,66,0,0,0
2010,8,19,80,71,T,0,0
2010,8,20,86,74,T,0,0
2010,8,21,85,69,0,0,0
2010,8,22,88,65,0,0,0
2010,8,23,88,72,0,0,0
2010,8,24,78,63,0.23,0,0
2010,8,25,73,58,0,0,0
2010,8,26,79,56,0,0,0
2010,8,27,88,63,0,0,0
2010,8,28,89,67,0,0,0
2010,8,29,94,68,0,0,0
2010,8,30,92,77,T,0,0
2010,8,31,86,68,0.35,0,0
2010,9,1,77,60,0,0,0
2010,9,2,73,59,0.74,0,0
2010,9,3,61,51,T,0,0
2010,9,4,69,48,0,0,0
2010,9,5,73,50,0,0,0
2010,9,6,71,59,0.13,0,0
2010,9,7,63,52,T,0,0
2010,9,8,69,46,0,0,0
2010,9,9,65,52,T,0,0
2010,9,10,71,58,0.16,0,0
2010,9,11,73,56,0,0,0
2010,9,12,79,54,0,0,0
2010,9,13,74,54,0,0,0
2010,9,14,68,53,0,0,0
2010,9,15,66,52,0.91,0,0
2010,9,16,56,50,0,0,0
2010,9,17,64,53,0.01,0,0
2010,9,18,60,45,T,0,0
2010,9,19,64,50,0,0,0
2010,9,20,80,52,0.03,0,0
2010,9,21,77,53,0.53,T,0
2010,9,22,65,48,1.01,0,0
2010,9,23,74,57,1.98,0,0
2010,9,24,61,50,0,0,0
2010,9,25,61,45,0.02,0,0
2010,9,26,65,41,0,0,0
2010,9,27,75,45,0,0,0
2010,9,28,66,54,0,0,0
2010,9,29,74,52,0,0,0
2010,9,30,72,49,0,0,0
2010,10,1,70,47,T,0,0
2010,10,2,56,41,0,0,0
2010,10,3,59,38,0,0,0
2010,10,4,65,41,0,0,0
2010,10,5,74,45,0,0,0
2010,10,6,71,54,0,0,0
2010,10,7,74,46,0,0,0
2010,10,8,87,57,0,0,0
2010,10,9,83,58,0,0,0
2010,10,10,81,54,0,0,0
2010,10,11,80,54,0,0,0
2010,10,12,72,52,0,0,0
2010,10,13,66,47,0,0,0
2010,10,14,69,45,0,0,0
2010,10,15,61,43,0,0,0
2010,10,16,66,46,0,0,0
2010,10,17,59,40,T,0,0
2010,10,18,56,39,T,0,0
2010,10,19,60,40,0,0,0
2010,10,20,68,43,0,0,0
2010,10,21,53,40,0,0,0
2010,10,22,68,36,0,0,0
2010,10,23,65,52,0.01,0,0
2010,10,24,61,53,0.51,0,0
2010,10,25,61,52,0.67,0,0
2010,10,26,63,42,0.37,0,0
2010,10,27,42,35,0.05,T,0
2010,10,28,42,30,0,0,0
2010,10,29,53,28,0,0,0
2010,10,30,52,35,0,0,0
2010,10,31,49,30,0,0,0
2010,11,1,52,31,0,0,0
2010,11,2,56,34,0,0,0
2010,11,3,56,44,0,0,0
2010,11,4,46,33,0,0,0
2010,11,5,45,27,0,0,0
2010,11,6,57,31,0,0,0
2010,11,7,61,36,0,0,0
2010,11,8,63,43,0,0,0
2010,11,9,69,43,0,0,0
2010,11,10,68,45,0.17,0,0
2010,11,11,52,37,0,0,0
2010,11,12,43,36,0.03,T,0
2010,11,13,36,33,0.98,7.7,1
2010,11,14,35,33,0.06,0.3,4
2010,11,15,39,27,0,0,3
2010,11,16,35,30,0.02,0.1,3
2010,11,17,37,30,0,0,2
2010,11,18,31,27,T,T,2
2010,11,19,39,23,0,0,1
2010,11,20,29,18,0.02,0,T
2010,11,21,34,27,0.03,0,T
2010,11,22,31,14,0.02,0.1,T
2010,11,23,24,12,0,0,T
2010,11,24,33,20,0.12,1.1,T
2010,11,25,27,6,T,T,1
2010,11,26,26,11,0,0,1
2010,11,27,28,10,0,0,1
2010,11,28,45,27,0,0,1
2010,11,29,41,36,0.59,0,T
2010,11,30,36,18,0.03,0.5,T
2010,12,1,20,15,T,T,1
2010,12,2,20,11,T,T,1
2010,12,3,20,10,0.43,5.1,1
2010,12,4,25,11,0.09,1,6
2010,12,5,18,4,0.01,0.5,6
2010,12,6,21,14,T,0.3,6
2010,12,7,17,8,0,0,6
2010,12,8,18,3,T,T,6
2010,12,9,34,11,0.01,0.2,6
2010,12,10,28,16,0.05,0.8,5
2010,12,11,22,8,1.16,16.3,9
2010,12,12,8,-1,0,0,18
2010,12,13,6,-8,0,0,17
2010,12,14,10,-6,0,0,17
2010,12,15,17,4,0,0,16
2010,12,16,20,12,T,T,16
2010,12,17,15,8,T,T,15
2010,12,18,17,8,T,T,14
2010,12,19,15,3,0,0,14
2010,12,20,26,10,0.36,4.6,14
2010,12,21,31,20,0.05,T,16
2010,12,22,32,27,T,T,16
2010,12,23,27,23,0.15,2.3,16
2010,12,24,26,18,0.18,2.3,19
2010,12,25,20,16,T,T,19
2010,12,26,24,7,T,T,19
2010,12,27,21,7,T,T,18
2010,12,28,34,14,0,0,17
2010,12,29,37,25,T,0,16
2010,12,30,42,17,0.27,0,13
2010,12,31,24,7,0.03,0.2,10
2011,1,1,9,1,T,T,9
2011,1,2,17,0,T,0.1,9
2011,1,3,21,8,0.03,1.1,9
2011,1,4,9,-5,T,T,10
2011,1,5,25,3,0.04,0.4,10
2011,1,6,18,7,T,T,10
2011,1,7,15,8,0.01,0.3,10
2011,1,8,12,1,T,T,10
2011,1,9,16,-4,T,T,10
2011,1,10,22,12,0.16,1.5,8
2011,1,11,23,18,0.1,1.2,10
2011,1,12,21,2,0,0,11
2011,1,13,16,0,0.08,1.9,10
2011,1,14,18,14,0.17,2.5,12
2011,1,15,16,2,0,0,13
2011,1,16,15,4,0.01,0.2,13
2011,1,17,25,15,0.07,1.3,14
2011,1,18,19,7,T,T,12
2011,1,19,13,-3,0.01,0.2,12
2011,1,20,9,-11,0.01,0.1,12
2011,1,21,3,-16,0.01,1.1,12
2011,1,22,6,-3,T,0.1,12
2011,1,23,13,-8,0,0,12
2011,1,24,27,11,0.01,0.1,12
2011,1,25,20,13,T,T,12
2011,1,26,25,15,T,T,12
2011,1,27,27,22,0.01,0.2,11
2011,1,28,31,23,0,0,11
2011,1,29,32,15,T,T,11
2011,1,30,23,14,0.03,0.5,10
2011,1,31,21,14,0.25,4.2,12
2011,2,1,15,5,T,T,14
2011,2,2,12,-4,0,0,13
2011,2,3,19,-2,0,0,13
2011,2,4,34,10,0,0,13
2011,2,5,27,14,0.01,0.2,12
2011,2,6,29,23,0.01,0.3,12
2011,2,7,23,0,T,T,12
2011,2,8,3,-10,0,0,12
2011,2,9,8,-7,0,0,11
2011,2,10,12,-11,0,0,11
2011,2,11,32,-6,0.01,0.2,11
2011,2,12,38,18,0,0,11
2011,2,13,48,29,0,0,10
2011,2,14,39,32,0,0,6
2011,2,15,42,32,0,0,5
2011,2,16,52,28,T,0,5
2011,2,17,46,30,0.01,0,4
2011,2,18,30,15,0,0,2
2011,2,19,29,10,0,0,2
2011,2,20,27,24,0.85,11.8,2
2011,2,21,24,16,0.11,2,14
2011,2,22,27,6,T,T,15
2011,2,23,34,25,T,T,13
2011,2,24,29,15,0,0,11
2011,2,25,15,0,0.02,0.3,11
2011,2,26,8,-2,0.1,1.3,11
2011,2,27,28,2,T,T,12
2011,2,28,25,2,0,0,11
2011,3,1,41,5,0,0,11
2011,3,2,17,-3,0,0,10
2011,3,3,32,14,0.01,0.1,9
2011,3,4,30,23,0,0,9
2011,3,5,29,17,0,0,9
2011,3,6,30,11,0.12,1.7,8
2011,3,7,30,24,0.03,0.4,10
2011,3,8,39,27,T,T,10
2011,3,9,36,30,0.09,1,10
2011,3,10,33,22,0,0,9
2011,3,11,43,20,0.04,0.5,9
2011,3,12,31,16,T,T,7
2011,3,13,30,15,T,T,7
2011,3,14,38,14,0,0,6
2011,3,15,44,30,0.04,0,6
2011,3,16,52,29,0,0,5
2011,3,17,53,38,0,0,1
2011,3,18,40,28,0,0,T
2011,3,19,50,24,0.04,T,T
2011,3,20,44,37,0.1,0,0
2011,3,21,46,35,0,0,0
2011,3,22,39,33,1.14,0.4,0
2011,3,23,33,18,0.34,4.1,2
2011,3,24,33,13,0,0,4
2011,3,25,33,18,0,0,4
2011,3,26,30,16,0,0,4
2011,3,27,34,16,0,0,3
2011,3,28,36,18,0,0,3
2011,3,29,42,21,0,0,2
2011,3,30,44,21,0,0,1
2011,3,31,48,35,0.11,0,T
2011,4,1,47,35,0.07,T,T
2011,4,2,54,31,0,0,0
2011,4,3,56,43,T,0,0
2011,4,4,48,34,0.01,T,0
2011,4,5,56,30,0,0,0
2011,4,6,58,39,0,0,0
2011,4,7,64,36,0,0,0
2011,4,8,64,41,0,0,0
2011,4,9,58,48,0.01,0,0
2011,4,10,76,46,0.1,0,0
2011,4,11,63,43,0,0,0
2011,4,12,68,42,0,0,0
2011,4,13,62,44,T,0,0
2011,4,14,48,35,T,0,0
2011,4,15,49,33,0.13,0.6,0
2011,4,16,41,32,T,T,1
2011,4,17,49,32,0,0,0
2011,4,18,50,35,0,0,0
2011,4,19,45,35,T,T,0
2011,4,20,46,32,0.2,1.3,1
2011,4,21,50,32,0.16,0,0
2011,4,22,45,39,0.09,0,0
2011,4,23,48,39,0.04,0,0
2011,4,24,62,36,0,0,0
2011,4,25,65,39,0,0,0
2011,4,26,57,38,1.46,0,0
2011,4,27,44,35,T,T,0
2011,4,28,56,35,0.06,T,0
2011,4,29,65,36,T,0,0
2011,4,30,60,43,0.47,0,0
2011,5,1,43,33,T,T,0
2011,5,2,40,33,T,T,0
2011,5,3,59,32,0,0,0
2011,5,4,66,37,T,0,0
2011,5,5,63,46,0.15,0,0
2011,5,6,70,45,0,0,0
2011,5,7,72,53,0,0,0
2011,5,8,65,53,0.18,0,0
2011,5,9,70,54,0.47,T,0
2011,5,10,88,56,T,0,0
2011,5,11,78,61,0.02,0,0
2011,5,12,65,51,0.02,0,0
2011,5,13,56,46,T,0,0
2011,5,14,52,44,0.08,0,0
2011,5,15,64,44,0,0,0
2011,5,16,69,40,0,0,0
2011,5,17,68,44,0,0,0
2011,5,18,73,49,0,0,0
2011,5,19,71,58,0,0,0
2011,5,20,73,59,0.28,0,0
2011,5,21,73,61,1.74,0,0
2011,5,22,69,58,0.57,0,0
2011,5,23,75,59,0.01,0,0
2011,5,24,67,56,0.01,0,0
2011,5,25,64,50,0.1,0,0
2011,5,26,64,45,0,0,0
2011,5,27,63,47,0.22,0,0
2011,5,28,70,50,0.15,0,0
2011,5,29,68,54,0.01,0,0
2011,5,30,88,62,0.03,0,0
2011,5,31,77,59,T,0,0
2011,6,1,76,55,0,0,0
2011,6,2,80,60,0,0,0
2011,6,3,91,68,0.02,0,0
2011,6,4,84,64,0,0,0
2011,6,5,84,62,0,0,0
2011,6,6,97,70,0,0,0
2011,6,7,103,78,0,0,0
2011,6,8,83,58,0,0,0
2011,6,9,68,52,T,0,0
2011,6,10,62,53,0.29,0,0
2011,6,11,69,52,0.02,0,0
2011,6,12,68,52,0,0,0
2011,6,13,77,55,0,0,0
2011,6,14,80,61,0.92,0,0
2011,6,15,74,58,0.43,0,0
2011,6,16,80,62,0,0,0
2011,6,17,84,60,0.8,0,0
2011,6,18,72,67,0.28,0,0
2011,6,19,79,63,0,0,0
2011,6,20,77,62,0,0,0
2011,6,21,79,65,1.2,0,0
2011,6,22,70,53,1.29,0,0
2011,6,23,63,53,0.01,0,0
2011,6,24,78,52,0,0,0
2011,6,25,68,61,0.02,0,0
2011,6,26,79,61,T,0,0
2011,6,27,77,61,T,0,0
2011,6,28,79,58,0,0,0
2011,6,29,86,62,0,0,0
2011,6,30,95,72,0,0,0
2011,7,1,99,71,0.14,0,0
2011,7,2,85,67,0,0,0
2011,7,3,86,64,0,0,0
2011,7,4,90,68,0,0,0
2011,7,5,88,70,0.01,0,0
2011,7,6,87,64,0,0,0
2011,7,7,87,69,T,0,0
2011,7,8,91,71,0,0,0
2011,7,9,88,76,T,0,0
2011,7,10,92,69,0.62,0,0
2011,7,11,88,69,T,0,0
2011,7,12,78,65,0,0,0
2011,7,13,77,61,0,0,0
2011,7,14,74,64,0.13,0,0
2011,7,15,77,71,1.84,0,0
2011,7,16,87,71,1.08,0,0
2011,7,17,93,79,T,0,0
2011,7,18,98,80,T,0,0
2011,7,19,97,74,0.28,0,0
2011,7,20,96,80,0,0,0
2011,7,21,86,71,0,0,0
2011,7,22,89,71,0,0,0
2011,7,23,85,68,0.68,0,0
2011,7,24,83,63,0,0,0
2011,7,25,89,68,0,0,0
2011,7,26,84,68,T,0,0
2011,7,27,89,72,0.44,0,0
2011,7,28,89,73,0,0,0
2011,7,29,89,68,0,0,0
2011,7,30,90,68,0.01,0,0
2011,7,31,93,68,0,0,0
2011,8,1,83,71,0.82,0,0
2011,8,2,88,74,0.01,0,0
2011,8,3,87,67,0,0,0
2011,8,4,85,68,0,0,0
2011,8,5,85,70,0,0,0
2011,8,6,88,73,T,0,0
2011,8,7,82,67,0,0,0
2011,8,8,82,68,0,0,0
2011,8,9,76,62,0,0,0
2011,8,10,81,58,0,0,0
2011,8,11,84,63,0,0,0
2011,8,12,77,65,0.01,0,0
2011,8,13,81,62,0.61,0,0
2011,8,14,84,63,0,0,0
2011,8,15,84,67,0,0,0
2011,8,16,84,68,1.42,0,0
2011,8,17,81,62,0,0,0
2011,8,18,84,61,0,0,0
2011,8,19,84,65,0.01,0,0
2011,8,20,78,61,0.01,0,0
2011,8,21,79,61,T,0,0
2011,8,22,85,62,0,0,0
2011,8,23,87,68,0.12,0,0
2011,8,24,81,67,0,0,0
2011,8,25,83,63,0,0,0
2011,8,26,87,66,0,0,0
2011,8,27,79,60,T,0,0
2011,8,28,78,59,0,0,0
2011,8,29,81,59,0,0,0
2011,8,30,71,64,0.02,0,0
2011,8,31,85,64,T,0,0
2011,9,1,94,71,0,0,0
2011,9,2,82,72,0.02,0,0
2011,9,3,81,60,T,0,0
2011,9,4,71,53,T,0,0
2011,9,5,72,48,0,0,0
2011,9,6,74,51,0,0,0
2011,9,7,79,53,0,0,0
2011,9,8,86,57,0,0,0
2011,9,9,90,63,0,0,0
2011,9,10,89,63,0,0,0
2011,9,11,89,65,0,0,0
2011,9,12,90,61,0,0,0
2011,9,13,70,54,0,0,0
2011,9,14,60,41,0,0,0
2011,9,15,58,36,0,0,0
2011,9,16,60,48,0,0,0
2011,9,17,67,49,T,0,0
2011,9,18,61,53,0.2,0,0
2011,9,19,75,51,0,0,0
2011,9,20,73,55,0.04,0,0
2011,9,21,61,49,0.05,0,0
2011,9,22,57,46,T,0,0
2011,9,23,60,47,0,0,0
2011,9,24,62,41,0,0,0
2011,9,25,67,45,T,0,0
2011,9,26,70,53,T,0,0
2011,9,27,67,58,0.05,0,0
2011,9,28,81,56,0,0,0
2011,9,29,66,55,T,0,0
2011,9,30,64,44,0,0,0
2011,10,1,64,38,0,0,0
2011,10,2,80,43,0,0,0
2011,10,3,83,50,0,0,0
2011,10,4,85,52,0,0,0
2011,10,5,88,62,0,0,0
2011,10,6,83,57,0,0,0
2011,10,7,85,65,0,0,0
2011,10,8,83,71,T,0,0
2011,10,9,83,64,0,0,0
2011,10,10,76,57,0.12,0,0
2011,10,11,76,54,0.02,0,0
2011,10,12,69,57,0.54,0,0
2011,10,13,60,48,T,0,0
2011,10,14,57,48,0,0,0
2011,10,15,60,43,T,0,0
2011,10,16,59,45,0,0,0
2011,10,17,58,41,0,0,0
2011,10,18,47,42,T,0,0
2011,10,19,49,39,0,0,0
2011,10,20,55,35,0,0,0
2011,10,21,61,32,0,0,0
2011,10,22,61,40,0,0,0
2011,10,23,58,42,0.01,0,0
2011,10,24,62,39,0,0,0
2011,10,25,56,42,T,0,0
2011,10,26,51,40,T,0,0
2011,10,27,53,36,0.01,0,0
2011,10,28,56,34,0,0,0
2011,10,29,54,31,0,0,0
2011,10,30,50,39,T,0,0
2011,10,31,50,33,0,0,0
2011,11,1,55,45,T,0,0
2011,11,2,51,37,T,0,0
2011,11,3,54,30,0,0,0
2011,11,4,56,28,0,0,0
2011,11,5,57,40,0,0,0
2011,11,6,55,43,T,0,0
2011,11,7,50,35,0,0,0
2011,11,8,47,34,0,0,0
2011,11,9,50,34,T,T,0
2011,11,10,39,31,T,T,0
2011,11,11,50,30,0,0,0
2011,11,12,64,31,0,0,0
2011,11,13,49,40,0,0,0
2011,11,14,52,35,0,0,0
2011,11,15,51,30,0,0,0
2011,11,16,39,24,0,0,0
2011,11,17,32,16,0,0,0
2011,11,18,48,32,0,0,0
2011,11,19,37,23,0.21,3,0
2011,11,20,27,16,0,0,3
2011,11,21,36,20,0,0,2
2011,11,22,38,34,0,0,1
2011,11,23,52,35,0,0,0
2011,11,24,59,36,0,0,0
2011,11,25,54,44,0,0,0
2011,11,26,50,37,0.08,0,0
2011,11,27,37,31,T,0,0
2011,11,28,39,25,0,0,0
2011,11,29,40,25,0,0,0
2011,11,30,41,24,0.01,T,0
2011,12,1,32,17,0.04,0.4,T
2011,12,2,34,14,0,0,T
2011,12,3,34,29,0.18,4.2,T
2011,12,4,29,22,0.01,0.2,4
2011,12,5,22,17,T,T,3
2011,12,6,19,10,T,0.1,3
2011,12,7,29,14,0,0,3
2011,12,8,29,12,0,0,2
2011,12,9,17,5,0,0,2
2011,12,10,27,6,0,0,2
2011,12,11,39,19,0,0,2
2011,12,12,40,36,0.01,0,T
2011,12,13,38,35,0.01,0,0
2011,12,14,39,35,0.37,0,0
2011,12,15,37,19,T,T,0
2011,12,16,26,17,T,0.1,0
2011,12,17,35,20,0.01,0.2,T
2011,12,18,47,21,0,0,0
2011,12,19,38,26,0,0,0
2011,12,20,33,20,0,0,0
2011,12,21,31,18,T,0.2,0
2011,12,22,28,21,0,0,T
2011,12,23,37,19,0.02,0.2,0
2011,12,24,42,18,0,0,T
2011,12,25,42,30,0,0,T
2011,12,26,52,25,0,0,0
2011,12,27,40,24,0,0,0
2011,12,28,39,23,0.01,0,0
2011,12,29,37,28,0,0,0
2011,12,30,32,28,T,T,0
2011,12,31,43,28,0.33,1.7,0
2012,1,1,34,19,T,T,1
2012,1,2,20,11,T,T,1
2012,1,3,29,10,0,0,1
2012,1,4,37,23,0,0,1
2012,1,5,45,24,0,0,1
2012,1,6,46,37,0,0,T
2012,1,7,37,25,0,0,0
2012,1,8,40,21,0,0,0
2012,1,9,49,34,0,0,0
2012,1,10,52,27,0,0,0
2012,1,11,38,13,T,T,0
2012,1,12,14,10,T,T,T
2012,1,13,13,7,0.02,0.4,T
2012,1,14,21,5,0.03,0.5,T
2012,1,15,40,18,0,0,1
2012,1,16,32,20,0,0,T
2012,1,17,20,5,0.01,0.1,T
2012,1,18,26,-1,T,0.1,T
2012,1,19,4,-11,0,0,T
2012,1,20,12,0,0.07,1.1,T
2012,1,21,22,-1,0,0,1
2012,1,22,26,20,0.01,0,1
2012,1,23,26,19,0.15,1.9,2
2012,1,24,24,12,T,T,2
2012,1,25,32,22,T,T,2
2012,1,26,40,24,0,0,2
2012,1,27,36,20,0.04,0.1,1
2012,1,28,28,18,0.03,0.4,1
2012,1,29,22,11,T,T,1
2012,1,30,44,19,T,T,1
2012,1,31,45,29,0,0,1
2012,2,1,32,28,0,0,T
2012,2,2,36,28,0,0,T
2012,2,3,33,27,0,0,0
2012,2,4,36,23,T,T,0
2012,2,5,30,27,0,0,0
2012,2,6,46,25,0,0,0
2012,2,7,32,15,0,0,0
2012,2,8,33,12,0,0,0
2012,2,9,38,17,0,0,0
2012,2,10,28,6,T,T,0
2012,2,11,21,1,0,0,0
2012,2,12,32,6,0,0,0
2012,2,13,31,15,0.04,0.3,0
2012,2,14,34,22,0.01,0.1,T
2012,2,15,36,23,T,T,T
2012,2,16,41,24,0,0,0
2012,2,17,43,26,0,0,0
2012,2,18,37,18,0,0,0
2012,2,19,44,19,0,0,0
2012,2,20,44,27,0.23,1.9,0
2012,2,21,35,30,0.07,0.8,3
2012,2,22,35,22,0,0,2
2012,2,23,39,28,0,0,2
2012,2,24,30,14,0.01,0.1,1
2012,2,25,28,11,T,0.1,1
2012,2,26,39,26,T,T,1
2012,2,27,30,22,T,T,T
2012,2,28,33,24,0.7,0.6,T
2012,2,29,34,31,0.65,2.2,1
2012,3,1,36,29,0.09,0.8,2
2012,3,2,35,28,T,T,2
2012,3,3,28,16,0.02,0.3,2
2012,3,4,29,8,0,0,2
2012,3,5,35,16,0,0,2
2012,3,6,60,29,0,0,2
2012,3,7,54,26,0.04,0,0
2012,3,8,37,21,0.01,0.2,0
2012,3,9,34,15,0,0,0
2012,3,10,66,34,0,0,0
2012,3,11,66,46,0.02,0,0
2012,3,12,52,43,0.28,0,0
2012,3,13,67,34,0,0,0
2012,3,14,73,48,0,0,0
2012,3,15,63,42,0,0,0
2012,3,16,79,42,0,0,0
2012,3,17,80,59,0,0,0
2012,3,18,79,61,0,0,0
2012,3,19,79,61,0.58,0,0
2012,3,20,65,57,0.01,0,0
2012,3,21,66,55,0.02,0,0
2012,3,22,70,56,0.12,0,0
2012,3,23,73,59,T,0,0
2012,3,24,70,51,0,0,0
2012,3,25,58,38,0,0,0
2012,3,26,47,37,0.05,0,0
2012,3,27,68,42,T,0,0
2012,3,28,54,40,0,0,0
2012,3,29,61,40,0.16,0,0
2012,3,30,50,39,T,0,0
2012,3,31,50,41,0,0,0
2012,4,1,67,45,0,0,0
2012,4,2,70,50,0.46,T,0
2012,4,3,64,46,0,0,0
2012,4,4,62,40,0,0,0
2012,4,5,59,42,0,0,0
2012,4,6,61,37,0,0,0
2012,4,7,57,44,0.17,0,0
2012,4,8,61,37,0,0,0
2012,4,9,48,31,0,0,0
2012,4,10,44,28,0,0,0
2012,4,11,54,27,0,0,0
2012,4,12,63,34,0,0,0
2012,4,13,53,47,0.07,0,0
2012,4,14,73,45,T,0,0
2012,4,15,75,47,1.19,0,0
2012,4,16,48,34,0.24,T,0
2012,4,17,58,33,0.13,0,0
2012,4,18,63,46,0.05,0,0
2012,4,19,47,39,0.06,0,0
2012,4,20,58,33,0,0,0
2012,4,21,52,41,0.29,0,0
2012,4,22,56,41,0.03,0,0
2012,4,23,65,36,0,0,0
2012,4,24,73,49,T,0,0
2012,4,25,73,49,0.05,0,0
2012,4,26,56,44,0,0,0
2012,4,27,56,42,T,0,0
2012,4,28,51,40,0.25,T,0
2012,4,29,57,44,0.05,0,0
2012,4,30,63,44,T,0,0
2012,5,1,74,51,0.75,0,0
2012,5,2,81,58,0.03,0,0
2012,5,3,80,60,0.76,0,0
2012,5,4,74,53,0.38,0,0
2012,5,5,60,54,0.91,0,0
2012,5,6,64,52,1.4,T,0
2012,5,7,66,51,0,0,0
2012,5,8,60,49,0.06,0,0
2012,5,9,66,46,0,0,0
2012,5,10,73,46,0,0,0
2012,5,11,71,51,0.06,0,0
2012,5,12,69,50,0,0,0
2012,5,13,76,49,0,0,0
2012,5,14,85,55,0,0,0
2012,5,15,74,55,0,0,0
2012,5,16,70,47,0,0,0
2012,5,17,83,56,0,0,0
2012,5,18,93,63,0,0,0
2012,5,19,88,63,0.42,0,0
2012,5,20,63,51,0.02,0,0
2012,5,21,74,47,0,0,0
2012,5,22,85,56,0,0,0
2012,5,23,89,64,0.81,0,0
2012,5,24,65,57,2.58,0,0
2012,5,25,69,53,T,0,0
2012,5,26,64,59,0.65,0,0
2012,5,27,92,64,0.32,0,0
2012,5,28,80,60,0.19,0,0
2012,5,29,64,52,T,0,0
2012,5,30,62,47,T,0,0
2012,5,31,66,49,T,0,0
2012,6,1,72,46,0,0,0
2012,6,2,76,54,0,0,0
2012,6,3,77,57,0,0,0
2012,6,4,84,60,0,0,0
2012,6,5,83,61,0,0,0
2012,6,6,82,62,0.02,0,0
2012,6,7,82,65,0,0,0
2012,6,8,90,71,0.01,0,0
2012,6,9,92,72,0,0,0
2012,6,10,93,64,0.37,0,0
2012,6,11,74,55,0,0,0
2012,6,12,69,51,0,0,0
2012,6,13,76,55,T,0,0
2012,6,14,70,61,0.86,0,0
2012,6,15,81,63,0,0,0
2012,6,16,83,66,0.31,0,0
2012,6,17,78,60,1.15,0,0
2012,6,18,90,67,0.1,0,0
2012,6,19,93,65,0.61,0,0
2012,6,20,83,64,0.16,0,0
2012,6,21,77,61,0,0,0
2012,6,22,81,62,0,0,0
2012,6,23,78,66,T,0,0
2012,6,24,84,66,0,0,0
2012,6,25,77,60,0,0,0
2012,6,26,82,60,0,0,0
2012,6,27,93,69,0,0,0
2012,6,28,88,71,0,0,0
2012,6,29,90,64,0,0,0
2012,6,30,92,70,T,0,0
2012,7,1,94,73,0,0,0
2012,7,2,99,77,0,0,0
2012,7,3,97,68,0.05,0,0
2012,7,4,101,81,T,0,0
2012,7,5,96,79,0,0,0
2012,7,6,102,66,0.54,0,0
2012,7,7,86,64,T,0,0
2012,7,8,90,71,0,0,0
2012,7,9,87,69,0,0,0
2012,7,10,88,65,0,0,0
2012,7,11,88,66,0,0,0
2012,7,12,89,70,T,0,0
2012,7,13,91,67,1,T,0
2012,7,14,91,68,T,0,0
2012,7,15,90,74,0,0,0
2012,7,16,98,77,0,0,0
2012,7,17,94,76,0,0,0
2012,7,18,83,71,0.83,0,0
2012,7,19,84,69,0,0,0
2012,7,20,87,67,T,0,0
2012,7,21,89,71,0.22,0,0
2012,7,22,89,75,T,0,0
2012,7,23,96,76,0.05,0,0
2012,7,24,82,70,1.69,0,0
2012,7,25,92,75,0.01,0,0
2012,7,26,84,66,0,0,0
2012,7,27,80,64,0,0,0
2012,7,28,83,65,T,0,0
2012,7,29,80,66,0.51,0,0
2012,7,30,89,69,0,0,0
2012,7,31,88,68,0,0,0
2012,8,1,92,69,T,0,0
2012,8,2,90,72,0,0,0
2012,8,3,89,66,0.38,0,0
2012,8,4,78,65,0.02,0,0
2012,8,5,76,57,0,0,0
2012,8,6,86,61,0,0,0
2012,8,7,88,68,0,0,0
2012,8,8,80,64,0.01,0,0
2012,8,9,79,60,0.1,0,0
2012,8,10,79,56,0,0,0
2012,8,11,79,54,0,0,0
2012,8,12,68,61,T,0,0
2012,8,13,83,57,0,0,0
2012,8,14,78,59,T,0,0
2012,8,15,83,64,0.73,0,0
2012,8,16,71,56,0,0,0
2012,8,17,74,50,0,0,0
2012,8,18,78,56,0.02,0,0
2012,8,19,77,57,0,0,0
2012,8,20,79,51,0,0,0
2012,8,21,80,56,0,0,0
2012,8,22,79,58,0.04,0,0
2012,8,23,86,70,0.01,0,0
2012,8,24,89,66,0,0,0
2012,8,25,76,66,0.06,0,0
2012,8,26,86,67,0.01,0,0
2012,8,27,87,61,0,0,0
2012,8,28,84,66,0,0,0
2012,8,29,93,69,0,0,0
2012,8,30,92,72,0,0,0
2012,8,31,86,63,0,0,0
2012,9,1,86,65,0,0,0
2012,9,2,88,62,0,0,0
2012,9,3,92,70,0,0,0
2012,9,4,92,68,0,0,0
2012,9,5,84,61,0.02,0,0
2012,9,6,81,57,T,0,0
2012,9,7,72,55,T,0,0
2012,9,8,79,50,0,0,0
2012,9,9,75,52,0,0,0
2012,9,10,83,54,0,0,0
2012,9,11,95,63,0,0,0
2012,9,12,78,56,0.09,0,0
2012,9,13,75,53,0,0,0
2012,9,14,76,50,0,0,0
2012,9,15,85,52,0,0,0
2012,9,16,80,61,0,0,0
2012,9,17,64,47,0.19,0,0
2012,9,18,61,43,0,0,0
2012,9,19,76,52,T,0,0
2012,9,20,66,50,0,0,0
2012,9,21,63,40,T,0,0
2012,9,22,60,39,T,0,0
2012,9,23,61,36,0,0,0
2012,9,24,77,40,0,0,0
2012,9,25,68,45,0,0,0
2012,9,26,65,40,0,0,0
2012,9,27,69,41,0,0,0
2012,9,28,76,46,0,0,0
2012,9,29,82,51,0,0,0
2012,9,30,77,48,0,0,0
2012,10,1,72,53,0,0,0
2012,10,2,72,44,0,0,0
2012,10,3,78,48,0,0,0
2012,10,4,64,42,0,0,0
2012,10,5,48,36,0,0,0
2012,10,6,45,33,0,0,0
2012,10,7,53,28,0,0,0
2012,10,8,64,39,T,0,0
2012,10,9,50,36,0.03,0,0
2012,10,10,55,32,0,0,0
2012,10,11,55,33,T,0,0
2012,10,12,53,28,0,0,0
2012,10,13,53,47,0.04,0,0
2012,10,14,59,45,0,0,0
2012,10,15,61,38,T,0,0
2012,10,16,65,52,T,0,0
2012,10,17,62,47,T,0,0
2012,10,18,50,43,0.01,0,0
2012,10,19,52,38,0.21,0,0
2012,10,20,54,34,0,0,0
2012,10,21,71,42,0,0,0
2012,10,22,64,50,T,0,0
2012,10,23,65,55,0.08,0,0
2012,10,24,60,47,0.18,0,0
2012,10,25,47,35,0.75,T,0
2012,10,26,39,32,0,0,0
2012,10,27,43,28,0,0,0
2012,10,28,46,29,0,0,0
2012,10,29,45,31,0,0,0
2012,10,30,50,28,0,0,0
2012,10,31,52,25,0,0,0
2012,11,1,47,31,0,0,0
2012,11,2,39,27,0,0,0
2012,11,3,43,37,0,0,0
2012,11,4,45,30,0.01,0,0
2012,11,5,45,38,T,0,0
2012,11,6,44,38,0.31,0,0
2012,11,7,47,38,0,0,0
2012,11,8,54,34,0,0,0
2012,11,9,55,35,0,0,0
2012,11,10,69,44,0.24,0,0
2012,11,11,56,22,0.02,T,0
2012,11,12,27,19,0.01,0.2,0
2012,11,13,43,18,0,0,T
2012,11,14,51,34,0,0,0
2012,11,15,53,29,T,0,0
2012,11,16,44,23,0,0,0
2012,11,17,54,32,0,0,0
2012,11,18,57,43,0,0,0
2012,11,19,59,38,T,0,0
2012,11,20,54,33,0,0,0
2012,11,21,62,38,0,0,0
2012,11,22,60,24,0.02,0.1,0
2012,11,23,27,14,0.02,0.5,1
2012,11,24,30,11,T,T,T
2012,11,25,30,23,0,0,T
2012,11,26,23,10,0,0,T
2012,11,27,39,16,0,0,T
2012,11,28,36,25,0,0,0
2012,11,29,40,23,0,0,0
2012,11,30,36,31,0,0,0
2012,12,1,48,34,0,0,0
2012,12,2,40,29,0,0,0
2012,12,3,55,37,0.02,0,0
2012,12,4,45,21,0,0,0
2012,12,5,40,19,0,0,0
2012,12,6,46,27,T,0,0
2012,12,7,32,24,0.05,0.8,0
2012,12,8,33,25,0,0,1
2012,12,9,32,20,0.95,10.5,2
2012,12,10,20,2,T,0.1,9
2012,12,11,20,4,T,0.1,8
2012,12,12,43,12,0,0,8
2012,12,13,40,24,0,0,6
2012,12,14,39,20,0,0,6
2012,12,15,39,33,0.42,0.1,4
2012,12,16,34,20,T,T,1
2012,12,17,25,20,T,T,1
2012,12,18,29,23,T,T,1
2012,12,19,32,27,0.02,0.2,1
2012,12,20,28,13,0.02,0.5,1
2012,12,21,21,9,0,0,1
2012,12,22,29,9,0,0,1
2012,12,23,19,10,0,0,1
2012,12,24,18,6,0.01,0.5,1
2012,12,25,13,0,0,0,1
2012,12,26,19,5,0,0,1
2012,12,27,21,8,0.09,1,1
2012,12,28,26,13,0.06,1.2,3
2012,12,29,19,5,T,T,3
2012,12,30,25,1,0,0,3
2012,12,31,18,1,T,T,3
2013,1,1,20,-5,T,T,3
2013,1,2,21,14,0.01,0.4,3
2013,1,3,22,11,T,0.6,3
2013,1,4,30,16,0,0,3
2013,1,5,26,10,0,0,3
2013,1,6,24,10,0,0,3
2013,1,7,36,15,0,0,3
2013,1,8,35,16,0,0,3
2013,1,9,35,25,0,0,3
2013,1,10,39,24,0.28,0,2
2013,1,11,41,34,0.02,0,1
2013,1,12,39,5,T,T,0
2013,1,13,9,2,T,T,0
2013,1,14,14,5,0,0,T
2013,1,15,30,10,0,0,T
2013,1,16,36,14,0.02,0.3,T
2013,1,17,20,6,T,T,T
2013,1,18,41,17,0.01,0.1,T
2013,1,19,39,2,0,0,T
2013,1,20,9,-2,T,T,0
2013,1,21,-2,-10,T,T,T
2013,1,22,5,-12,0,0,T
2013,1,23,17,-5,T,0.2,T
2013,1,24,13,-6,T,T,T
2013,1,25,21,4,T,T,T
2013,1,26,23,2,0,0,0
2013,1,27,33,21,0.49,3,0
2013,1,28,33,30,T,0,3
2013,1,29,33,25,0.03,0,2
2013,1,30,26,6,T,T,2
2013,1,31,7,-10,T,T,2
2013,2,1,4,-13,0.06,2,2
2013,2,2,9,0,0.03,0.7,4
2013,2,3,13,3,0.04,0.9,4
2013,2,4,14,3,0.06,1.2,5
2013,2,5,27,8,0.05,1.2,6
2013,2,6,23,3,0.04,0.7,5
2013,2,7,25,18,T,0,5
2013,2,8,23,16,0,0,5
2013,2,9,29,22,0,0,5
2013,2,10,35,25,0.62,2.2,5
2013,2,11,32,19,T,0.1,6
2013,2,12,36,16,0,0,6
2013,2,13,39,20,0.09,0.5,6
2013,2,14,34,15,0.09,1.1,7
2013,2,15,18,6,0,0,7
2013,2,16,20,2,T,T,7
2013,2,17,32,9,0,0,7
2013,2,18,34,9,0.01,0.3,6
2013,2,19,10,0,T,T,6
2013,2,20,19,-3,0,0,5
2013,2,21,23,7,0,0,5
2013,2,22,29,20,0.24,4.2,7
2013,2,23,29,20,0,0,9
2013,2,24,34,12,0,0,8
2013,2,25,37,23,0,0,7
2013,2,26,36,17,0,0,6
2013,2,27,38,29,0,0,6
2013,2,28,31,25,0,0,6
2013,3,1,31,19,0,0,6
2013,3,2,32,10,0,0,6
2013,3,3,32,18,0,0,6
2013,3,4,29,23,0.34,3.9,5
2013,3,5,30,22,0.41,5.4,11
2013,3,6,29,17,0,0,13
2013,3,7,31,11,0,0,11
2013,3,8,39,19,0,0,11
2013,3,9,38,33,0.61,0,8
2013,3,10,36,31,0.01,T,6
2013,3,11,31,23,0,0,6
2013,3,12,29,20,T,T,6
2013,3,13,33,14,0,0,6
2013,3,14,40,24,0.06,0.6,6
2013,3,15,35,24,0.19,0.8,5
2013,3,16,27,14,0,0,6
2013,3,17,29,9,0,0,6
2013,3,18,30,11,0.23,3.1,8
2013,3,19,23,7,0,0,8
2013,3,20,21,5,0,0,8
2013,3,21,29,7,0,0,8
2013,3,22,37,13,0,0,7
2013,3,23,39,20,0,0,6
2013,3,24,33,29,0,0,6
2013,3,25,38,24,0,0,6
2013,3,26,39,27,0,0,5
2013,3,27,43,23,0,0,4
2013,3,28,44,25,0,0,4
2013,3,29,49,32,T,0,2
2013,3,30,56,36,0.19,0,T
2013,3,31,42,24,0,0,T
2013,4,1,36,19,0,0,T
2013,4,2,38,19,0,0,0
2013,4,3,48,23,0,0,0
2013,4,4,53,33,0,0,0
2013,4,5,44,28,0.07,T,0
2013,4,6,55,37,0.09,0,0
2013,4,7,48,35,0.19,0,0
2013,4,8,48,40,0.52,0,0
2013,4,9,44,31,0.48,0.7,0
2013,4,10,40,30,0.09,0.7,1
2013,4,11,36,31,0.76,4.4,1
2013,4,12,36,28,0.06,0.6,4
2013,4,13,36,29,0.01,0.2,4
2013,4,14,38,30,0.46,0.2,3
2013,4,15,40,33,0,0,2
2013,4,16,47,33,0,0,1
2013,4,17,42,35,0.26,T,0
2013,4,18,35,32,1.02,6.4,0
2013,4,19,38,26,0.12,0.9,7
2013,4,20,42,21,0,0,5
2013,4,21,51,34,0.15,T,3
2013,4,22,44,33,0.82,3.5,0
2013,4,23,42,29,0.02,0.3,3
2013,4,24,51,29,T,0,T
2013,4,25,51,33,T,T,0
2013,4,26,72,45,0.02,0,0
2013,4,27,75,43,0,0,0
2013,4,28,81,54,0.08,0,0
2013,4,29,75,51,0,0,0
2013,4,30,72,56,0,0,0
2013,5,1,56,35,0.35,T,0
2013,5,2,48,35,T,T,0
2013,5,3,38,32,0.2,0.5,0
2013,5,4,49,34,0.08,T,0
2013,5,5,67,39,0,0,0
2013,5,6,76,46,0,0,0
2013,5,7,78,53,0,0,0
2013,5,8,78,58,0.12,0,0
2013,5,9,60,43,0.1,0,0
2013,5,10,67,37,T,0,0
2013,5,11,57,42,T,0,0
2013,5,12,59,34,0,0,0
2013,5,13,72,41,0.01,0,0
2013,5,14,98,54,0,0,0
2013,5,15,79,56,0,0,0
2013,5,16,83,58,T,0,0
2013,5,17,66,57,0.25,0,0
2013,5,18,81,56,1.47,0,0
2013,5,19,82,64,1.16,0,0
2013,5,20,72,60,0.6,0,0
2013,5,21,65,49,0.07,0,0
2013,5,22,55,47,0.13,0,0
2013,5,23,65,45,0,0,0
2013,5,24,68,44,0.16,0,0
2013,5,25,62,54,T,0,0
2013,5,26,60,54,0,0,0
2013,5,27,62,55,0.05,0,0
2013,5,28,62,54,0.06,0,0
2013,5,29,76,55,0.92,0,0
2013,5,30,77,65,0.26,0,0
2013,5,31,79,63,0.25,0,0
2013,6,1,72,52,0.06,0,0
2013,6,2,67,50,0,0,0
2013,6,3,71,51,T,0,0
2013,6,4,64,57,0.02,0,0
2013,6,5,60,54,0.15,0,0
2013,6,6,58,51,T,0,0
2013,6,7,66,54,0,0,0
2013,6,8,72,56,0,0,0
2013,6,9,69,58,0.54,0,0
2013,6,10,77,59,0,0,0
2013,6,11,79,60,T,0,0
2013,6,12,76,62,0.59,0,0
2013,6,13,79,58,0,0,0
2013,6,14,79,60,0.01,0,0
2013,6,15,76,65,0.02,0,0
2013,6,16,86,60,0.01,0,0
2013,6,17,82,62,0,0,0
2013,6,18,75,57,0,0,0
2013,6,19,85,61,0,0,0
2013,6,20,91,70,0,0,0
2013,6,21,82,64,2.5,0,0
2013,6,22,82,66,0.54,0,0
2013,6,23,84,70,0.26,0,0
2013,6,24,82,66,T,0,0
2013,6,25,84,66,0,0,0
2013,6,26,89,73,T,0,0
2013,6,27,87,72,0,0,0
2013,6,28,79,67,0.09,0,0
2013,6,29,77,63,0.38,0,0
2013,6,30,82,57,0,0,0
2013,7,1,85,63,0,0,0
2013,7,2,83,61,0,0,0
2013,7,3,84,61,0,0,0
2013,7,4,90,66,0,0,0
2013,7,5,89,72,0,0,0
2013,7,6,92,76,T,0,0
2013,7,7,91,73,0.03,0,0
2013,7,8,89,67,0,0,0
2013,7,9,87,71,0.34,0,0
2013,7,10,83,63,0,0,0
2013,7,11,86,64,0,0,0
2013,7,12,90,68,0,0,0
2013,7,13,80,65,2.79,0,0
2013,7,14,86,71,0,0,0
2013,7,15,89,70,0,0,0
2013,7,16,92,76,0,0,0
2013,7,17,94,78,0,0,0
2013,7,18,94,80,0,0,0
2013,7,19,86,72,T,0,0
2013,7,20,82,66,T,0,0
2013,7,21,81,59,0.29,0,0
2013,7,22,88,67,T,0,0
2013,7,23,77,63,0,0,0
2013,7,24,78,61,T,0,0
2013,7,25,83,64,0.03,0,0
2013,7,26,72,56,0.01,0,0
2013,7,27,64,53,0.02,0,0
2013,7,28,75,53,0,0,0
2013,7,29,79,56,T,0,0
2013,7,30,72,65,T,0,0
2013,7,31,83,63,T,0,0
2013,8,1,83,59,0,0,0
2013,8,2,79,61,0,0,0
2013,8,3,80,58,0,0,0
2013,8,4,76,56,0,0,0
2013,8,5,81,61,0.65,0,0
2013,8,6,86,59,1.33,T,0
2013,8,7,77,62,0,0,0
2013,8,8,75,58,0,0,0
2013,8,9,76,60,0,0,0
2013,8,10,77,62,0,0,0
2013,8,11,80,65,0,0,0
2013,8,12,80,63,0,0,0
2013,8,13,76,57,0,0,0
2013,8,14,78,58,0,0,0
2013,8,15,79,59,0,0,0
2013,8,16,80,61,0,0,0
2013,8,17,82,60,0,0,0
2013,8,18,83,62,0,0,0
2013,8,19,88,69,0,0,0
2013,8,20,90,71,0,0,0
2013,8,21,88,74,T,0,0
2013,8,22,87,68,0,0,0
2013,8,23,88,64,0,0,0
2013,8,24,90,71,0,0,0
2013,8,25,96,80,0,0,0
2013,8,26,97,80,0,0,0
2013,8,27,96,79,0,0,0
2013,8,28,92,73,0,0,0
2013,8,29,95,75,0.03,0,0
2013,8,30,85,72,0,0,0
2013,8,31,89,66,0.06,0,0
2013,9,1,75,61,0,0,0
2013,9,2,68,55,0,0,0
2013,9,3,78,53,0,0,0
2013,9,4,88,62,0,0,0
2013,9,5,82,64,0,0,0
2013,9,6,92,70,T,0,0
2013,9,7,94,71,0,0,0
2013,9,8,77,67,T,0,0
2013,9,9,94,70,T,0,0
2013,9,10,81,70,0.02,0,0
2013,9,11,86,66,0,0,0
2013,9,12,76,57,0,0,0
2013,9,13,70,49,0,0,0
2013,9,14,73,51,0.47,0,0
2013,9,15,67,50,0.33,0,0
2013,9,16,67,44,0,0,0
2013,9,17,67,48,0.03,0,0
2013,9,18,75,60,0.14,0,0
2013,9,19,78,64,0.18,0,0
2013,9,20,66,51,0.04,0,0
2013,9,21,64,47,0,0,0
2013,9,22,74,49,0,0,0
2013,9,23,74,53,0,0,0
2013,9,24,76,53,0,0,0
2013,9,25,74,54,0,0,0
2013,9,26,82,56,0,0,0
2013,9,27,86,65,T,0,0
2013,9,28,72,51,0.14,0,0
2013,9,29,77,48,0,0,0
2013,9,30,80,58,0,0,0
2013,10,1,77,53,0,0,0
2013,10,2,77,48,0.9,0,0
2013,10,3,61,55,0.03,0,0
2013,10,4,59,55,0.29,0,0
2013,10,5,61,46,0.01,0,0
2013,10,6,55,42,0.05,0,0
2013,10,7,67,43,0,0,0
2013,10,8,77,50,0,0,0
2013,10,9,76,56,0,0,0
2013,10,10,78,52,0,0,0
2013,10,11,75,57,0.04,0,0
2013,10,12,58,46,T,0,0
2013,10,13,61,39,0,0,0
2013,10,14,55,42,0.56,0,0
2013,10,15,55,46,0.62,0,0
2013,10,16,55,42,0.01,0,0
2013,10,17,59,41,0.17,0,0
2013,10,18,53,38,0.02,0,0
2013,10,19,49,34,0.06,T,0
2013,10,20,47,33,0.08,0,0
2013,10,21,40,29,T,T,0
2013,10,22,40,26,T,T,0
2013,10,23,39,33,0,0,0
2013,10,24,44,33,0,0,0
2013,10,25,58,28,0,0,0
2013,10,26,50,36,0,0,0
2013,10,27,58,31,0,0,0
2013,10,28,44,31,0,0,0
2013,10,29,42,32,0.03,0,0
2013,10,30,50,40,0.13,0,0
2013,10,31,50,40,T,0,0
2013,11,1,52,38,0,0,0
2013,11,2,50,34,0,0,0
2013,11,3,55,35,0,0,0
2013,11,4,49,36,0.17,0,0
2013,11,5,45,30,0.18,0.7,0
2013,11,6,40,30,0.05,0.4,T
2013,11,7,36,28,0,0,0
2013,11,8,47,24,T,0,0
2013,11,9,46,36,T,0,0
2013,11,10,42,33,0,0,0
2013,11,11,39,16,T,T,0
2013,11,12,28,12,0,0,0
2013,11,13,50,23,0,0,0
2013,11,14,52,35,0,0,0
2013,11,15,56,32,0,0,0
2013,11,16,50,41,0.11,0,0
2013,11,17,46,32,0,0,0
2013,11,18,36,25,0,0,0
2013,11,19,47,23,0,0,0
2013,11,20,45,37,0,0,0
2013,11,21,39,25,0.01,T,0
2013,11,22,33,13,0,0,T
2013,11,23,19,7,0,0,T
2013,11,24,31,8,0,0,T
2013,11,25,40,28,T,T,0
2013,11,26,31,15,T,T,0
2013,11,27,25,9,0,0,0
2013,11,28,29,15,0,0,0
2013,11,29,34,14,0,0,0
2013,11,30,42,25,0,0,0
2013,12,1,34,21,0,0,0
2013,12,2,38,28,0.12,0.5,0
2013,12,3,36,32,0.08,T,0
2013,12,4,32,14,0.52,4.1,1
2013,12,5,14,0,T,T,3
2013,12,6,5,-7,0,0,3
2013,12,7,1,-11,0,0,3
2013,12,8,12,-1,0.07,1.6,3
2013,12,9,12,-3,T,0.1,4
2013,12,10,13,2,0.06,1.8,5
2013,12,11,5,-8,0,0,4
2013,12,12,19,1,T,T,4
2013,12,13,17,11,0.02,0.1,4
2013,12,14,16,0,0.06,0.7,5
2013,12,15,4,-1,0,0,5
2013,12,16,22,1,0.1,1.1,5
2013,12,17,33,9,T,T,6
2013,12,18,37,8,0,0,6
2013,12,19,28,16,0.03,0.4,5
2013,12,20,20,15,0.02,0.3,6
2013,12,21,23,16,0,0,6
2013,12,22,19,5,0.03,0.8,6
2013,12,23,5,-6,T,0.3,7
2013,12,24,11,-13,0.23,2.8,6
2013,12,25,28,9,0.02,0.2,9
2013,12,26,26,11,0.01,0.2,9
2013,12,27,40,14,0,0,8
2013,12,28,47,20,T,T,7
2013,12,29,20,-11,T,T,5
2013,12,30,2,-11,0.09,0.9,5
2013,12,31,-1,-9,T,T,6
2014,1,1,1,-8,0,0,6
2014,1,2,4,-10,0,0,6
2014,1,3,29,-10,0.12,0.3,6
2014,1,4,35,-2,0.02,T,6
2014,1,5,-2,-20,T,T,6
2014,1,6,-12,-23,T,T,6
2014,1,7,5,-15,0,0,6
2014,1,8,4,-11,0,0,6
2014,1,9,20,-11,0,0,6
2014,1,10,31,16,T,T,6
2014,1,11,32,23,0,0,6
2014,1,12,40,22,0,0,6
2014,1,13,34,27,0.01,0.3,6
2014,1,14,28,7,0.26,4.1,9
2014,1,15,25,-1,0.03,0.5,10
2014,1,16,35,7,0.05,0.6,11
2014,1,17,13,1,T,T,10
2014,1,18,23,9,0.17,4.5,14
2014,1,19,39,17,0,0,13
2014,1,20,31,-3,0.01,0.2,10
2014,1,21,6,-13,0.02,0.5,10
2014,1,22,8,-8,0.01,0.6,11
2014,1,23,2,-17,0,0,11
2014,1,24,33,2,0.08,1.3,10
2014,1,25,24,2,0.11,2.3,11
2014,1,26,18,-8,0.09,1.1,13
2014,1,27,-6,-16,0,0,12
2014,1,28,0,-16,0,0,12
2014,1,29,34,-6,0,0,12
2014,1,30,28,-4,0.44,6.4,12
2014,1,31,9,-9,0,0,16
2014,2,1,22,-1,T,T,16
2014,2,2,14,-7,0,0,15
2014,2,3,16,-1,0,0,14
2014,2,4,11,-1,0,0,14
2014,2,5,4,-5,T,T,14
2014,2,6,4,-11,0,0,14
2014,2,7,12,-5,0,0,13
2014,2,8,15,-4,T,T,13
2014,2,9,9,-7,0,0,13
2014,2,10,8,-11,0,0,13
2014,2,11,13,-12,T,T,13
2014,2,12,24,12,0.03,0.5,13
2014,2,13,30,5,T,0.2,13
2014,2,14,16,1,0,0,13
2014,2,15,19,0,0.12,1.8,13
2014,2,16,22,4,0,0,14
2014,2,17,29,18,0.32,4.9,15
2014,2,18,44,16,0,0,18
2014,2,19,40,21,0,0,17
2014,2,20,36,15,0.83,8.4,16
2014,2,21,16,6,0.06,1.5,24
2014,2,22,14,4,0,0,23
2014,2,23,17,1,0,0,21
2014,2,24,14,-3,0.01,0.2,20
2014,2,25,6,-7,T,T,20
2014,2,26,20,-11,T,T,20
2014,2,27,1,-14,0,0,20
2014,2,28,14,-9,0.04,0.9,20
2014,3,1,8,-7,T,T,21
2014,3,2,3,-15,0,0,20
2014,3,3,10,-10,0.02,0.3,19
2014,3,4,19,7,T,T,19
2014,3,5,24,12,0,0,19
2014,3,6,26,12,0,0,16
2014,3,7,33,23,T,0,16
2014,3,8,29,15,0,0,16
2014,3,9,44,17,0,0,15
2014,3,10,53,32,0,0,15
2014,3,11,44,29,T,0,13
2014,3,12,30,19,0,0,11
2014,3,13,50,20,0,0,10
2014,3,14,44,26,0,0,6
2014,3,15,31,20,0,0,5
2014,3,16,25,11,0,0,5
2014,3,17,35,23,0.06,0.2,4
2014,3,18,37,28,0.15,2.3,4
2014,3,19,36,26,0.06,0.6,7
2014,3,20,44,22,0,0,6
2014,3,21,45,20,T,T,4
2014,3,22,22,8,0,0,2
2014,3,23,26,8,T,T,2
2014,3,24,31,17,0.08,1.2,2
2014,3,25,24,10,T,T,2
2014,3,26,40,13,0,0,2
2014,3,27,40,31,0.44,0.1,T
2014,3,28,38,27,0,0,T
2014,3,29,43,22,0,0,T
2014,3,30,60,36,0,0,0
2014,3,31,58,29,0.01,0,0
2014,4,1,37,20,0.02,0.2,0
2014,4,2,43,21,0,0,0
2014,4,3,40,27,0.68,5,0
2014,4,4,40,25,0.11,1.5,6
2014,4,5,50,24,0,0,4
2014,4,6,62,40,0,0,T
2014,4,7,60,38,0,0,0
2014,4,8,54,34,0,0,0
2014,4,9,71,35,0,0,0
2014,4,10,62,45,T,0,0
2014,4,11,63,43,T,0,0
2014,4,12,55,44,0.14,0,0
2014,4,13,44,32,0,0,0
2014,4,14,38,24,0,0,0
2014,4,15,36,18,0,0,0
2014,4,16,37,28,0.68,0.3,0
2014,4,17,42,28,T,T,T
2014,4,18,52,26,0,0,0
2014,4,19,67,42,0.11,0,0
2014,4,20,74,45,0.1,0,0
2014,4,21,68,44,0.2,0,0
2014,4,22,59,38,0,0,0
2014,4,23,47,40,0.26,0,0
2014,4,24,45,38,0.84,0,0
2014,4,25,64,36,0,0,0
2014,4,26,55,37,0.04,0,0
2014,4,27,45,38,1.76,0,0
2014,4,28,45,41,0.7,0,0
2014,4,29,42,34,0.6,T,0
2014,4,30,46,35,0.03,0,0
2014,5,1,49,37,0.04,0,0
2014,5,2,59,42,T,0,0
2014,5,3,59,43,0,0,0
2014,5,4,57,36,0,0,0
2014,5,5,64,50,0,0,0
2014,5,6,65,47,0,0,0
2014,5,7,65,51,0.04,0,0
2014,5,8,69,51,0.59,0,0
2014,5,9,60,46,0,0,0
2014,5,10,70,41,0.06,0,0
2014,5,11,68,48,0.63,0,0
2014,5,12,63,49,0.27,0,0
2014,5,13,53,43,0,0,0
2014,5,14,59,38,0,0,0
2014,5,15,49,40,0,0,0
2014,5,16,54,40,0,0,0
2014,5,17,66,41,0,0,0
2014,5,18,72,49,0,0,0
2014,5,19,60,51,2.25,0,0
2014,5,20,78,50,0,0,0
2014,5,21,66,51,0,0,0
2014,5,22,71,47,0,0,0
2014,5,23,75,50,0,0,0
2014,5,24,80,58,0,0,0
2014,5,25,79,56,0,0,0
2014,5,26,82,66,0.01,0,0
2014,5,27,73,61,0.01,0,0
2014,5,28,81,58,0,0,0
2014,5,29,84,57,0,0,0
2014,5,30,87,64,0,0,0
2014,5,31,86,68,0.65,0,0
2014,6,1,72,65,2.37,0,0
2014,6,2,80,60,0.02,0,0
2014,6,3,75,56,0,0,0
2014,6,4,81,61,0,0,0
2014,6,5,78,63,0.03,0,0
2014,6,6,84,59,T,0,0
2014,6,7,67,51,0.89,0,0
2014,6,8,71,49,0,0,0
2014,6,9,70,59,T,0,0
2014,6,10,77,55,0,0,0
2014,6,11,81,61,0.18,0,0
2014,6,12,66,54,0,0,0
2014,6,13,76,51,0,0,0
2014,6,14,66,58,1.6,0,0
2014,6,15,76,57,0.64,0,0
2014,6,16,85,63,0.38,0,0
2014,6,17,82,62,0.01,0,0
2014,6,18,81,69,0.51,0,0
2014,6,19,74,65,4.13,0,0
2014,6,20,85,67,T,0,0
2014,6,21,85,67,0,0,0
2014,6,22,77,66,0.09,0,0
2014,6,23,83,66,0,0,0
2014,6,24,84,64,0,0,0
2014,6,25,72,56,0,0,0
2014,6,26,81,58,0,0,0
2014,6,27,81,70,T,0,0
2014,6,28,83,69,0.5,0,0
2014,6,29,85,64,0.01,0,0
2014,6,30,81,65,T,0,0
2014,7,1,75,55,0.15,0,0
2014,7,2,74,54,0.01,0,0
2014,7,3,78,58,0,0,0
2014,7,4,78,60,0,0,0
2014,7,5,84,65,0,0,0
2014,7,6,90,69,0.13,0,0
2014,7,7,87,65,0.37,0,0
2014,7,8,77,62,0,0,0
2014,7,9,79,58,0,0,0
2014,7,10,85,61,0,0,0
2014,7,11,81,65,1.03,0,0
2014,7,12,80,68,0.06,0,0
2014,7,13,78,63,0,0,0
2014,7,14,65,56,0.07,0,0
2014,7,15,72,54,T,0,0
2014,7,16,77,55,0,0,0
2014,7,17,79,59,0,0,0
2014,7,18,79,60,0,0,0
2014,7,19,79,67,0,0,0
2014,7,20,87,70,0,0,0
2014,7,21,92,74,0,0,0
2014,7,22,86,70,0,0,0
2014,7,23,84,61,0,0,0
2014,7,24,82,63,0,0,0
2014,7,25,81,64,0.42,0,0
2014,7,26,86,71,0,0,0
2014,7,27,78,65,0.03,0,0
2014,7,28,77,63,0,0,0
2014,7,29,81,59,0,0,0
2014,7,30,83,60,0,0,0
2014,7,31,84,63,0,0,0
2014,8,1,87,65,0,0,0
2014,8,2,87,67,T,0,0
2014,8,3,88,68,0.67,0,0
2014,8,4,81,68,0,0,0
2014,8,5,81,62,0,0,0
2014,8,6,82,62,0,0,0
2014,8,7,83,65,0,0,0
2014,8,8,83,67,0,0,0
2014,8,9,79,67,T,0,0
2014,8,10,84,68,0.15,0,0
2014,8,11,78,62,0.04,0,0
2014,8,12,80,57,0,0,0
2014,8,13,83,63,0,0,0
2014,8,14,80,59,0,0,0
2014,8,15,85,64,0,0,0
2014,8,16,86,67,0.08,0,0
2014,8,17,81,68,0.27,0,0
2014,8,18,87,67,0.01,0,0
2014,8,19,81,65,0,0,0
2014,8,20,83,65,0,0,0
2014,8,21,85,70,0.07,0,0
2014,8,22,79,70,0,0,0
2014,8,23,77,69,T,0,0
2014,8,24,89,73,0.14,0,0
2014,8,25,79,64,0,0,0
2014,8,26,76,56,T,0,0
2014,8,27,78,59,T,0,0
2014,8,28,72,61,0.02,0,0
2014,8,29,80,66,0.68,0,0
2014,8,30,77,64,0.3,0,0
2014,8,31,85,62,0.47,0,0
2014,9,1,78,65,0.17,0,0
2014,9,2,78,62,0,0,0
